{"cameraMode":{"drawMode":0,"name":"Shaded","section":"Shading Mode"},"sceneLighting":true,"audioPlay":false,"sceneViewState":{"m_AlwaysRefresh":false,"showFog":true,"showSkybox":true,"showFlares":true,"showImageEffects":true,"showParticleSystems":true,"showVisualEffectGraphs":true,"m_FxEnabled":true},"in2DMode":false,"pivot":{"x":-2.7401537895202638,"y":-0.20252132415771485,"z":4.805943489074707},"rotation":{"x":0.20566029846668244,"y":-0.03962698578834534,"z":0.008336344733834267,"w":0.9777908325195313},"size":5.971789836883545,"orthographic":false}